ABSL Corp Bond Dir-G,Aditya Birla Sun Life Corporate Bond Fund Direct G
ABSL Eqt Advtg Dir-G,Aditya Birla Sun Life Equity Advantage Fund Direct G
ABSL Frontline Eqt Dir-G,Aditya Birla Sun Life Frontline Equity Direct G
Axis Banking & PSU Debt Dir-G,Axis Banking & PSU Debt Fund Direct G
Axis Liquid Dir-G,Axis Liquid Direct G
Axis LT Eqt Dir-G,Axis Long Term Equity Direct G
Franklin Focused Eqt Dir-G,Franklin Templeton India Focused Equity Fund Direct G
Franklin Liquid Dir-G,Franklin Templeton India Liquid Fund Direct G
Franklin Smaller Companies Dir-G,Franklin Templeton Franklin India Smaller Companies Direct G
Franklin Ultra Short Bond Dir-G,Franklin Templeton Franklin India Ultra Short Bond Direct G
HDFC Hybrid Eqt Dir-G,HDFC Hybrid Equity Fund Direct G
HDFC ST Debt Dir-G,HDFC Short Term Debt Fund Direct G
Indiabulls Liquid Dir-G,Indiabulls Liquid Direct G
Indiabulls Ultra ST Dir-G,Indiabulls Ultra Short Term Direct G
Mirae Asset Cash Management Dir-G,Mirae Asset Cash Management Direct G
Mirae Asset Emrgng Bluechip Dir-G,Mirae Asset Emerging Bluechip Direct G
Mirae Asset Hybrid Eqt Dir-G,Mirae Asset Hybrid Equity Fund Direct G
Mirae Asset Large Cap Dir-G,Mirae Asset Large Cap Fund Direct G
Nippon India Gilt Securities Inst Dir-G,Nippon India Gilt Securities Inst Direct G
Nippon India Low Duration Dir-G,Nippon India Low Duration Fund Direct G
Parag Parikh LT Eqt Dir-G,PPFAS Long Term Equity Fund Direct G
SBI Bluechip Dir-G,SBI Bluechip Direct G
SBI Helthcr Opp Dir-G,SBI Healthcare Opportunities Fund Direct G
SBI Magnum Constant Mtrty Dir-G,SBI Magnum Constant Maturity Fund Direct G
Franklin Dynamic Accrual Dir-G,Franklin Templeton Franklin India Dynamic Accrual Fund Direct G
Franklin Liquid Dir-G,Franklin Templeton India Liquid Fund Direct G
Franklin Low Duration Dir-G,Franklin Templeton Franklin India Low Duration Direct G
ICICI Pru All Seasons Bond Dir-G,ICICI Prudential All Seasons Bond Fund Direct G
ICICI Pru Eqt & Debt Dir-G,ICICI Prudential Equity & Debt Fund Direct G
Indiabulls Ultra ST Dir-G,Indiabulls Ultra Short Term Direct G
Invesco India Money Market Dir-G,Invesco India Money Market Fund Direct G
L&T Hybrid Eqt Dir-G,L&T Hybrid Equity Fund Direct G
L&T India Value Dir-G,L&T India Value Direct G
L&T Money Market Dir-G,L&T Money Market Fund Direct G
Nippon India Low Duration Dir-G,Nippon India Low Duration Fund Direct G
